{"rmse": 8839.30781230362, "mae": 6837.2319496868, "r2": 0.48040320926623703}